#{"t_start": 1704607312.9313998, "env_id": "None"}
r,l,t
-84.507035,1001,5.019333
-69.89721,1001,10.062692
-8.576526,349,11.992008
-44.155957,1001,17.061025
-38.854095,1001,23.664241
-48.851772,1001,28.491915
-50.669189,1001,33.320761
-45.271149,1001,38.295293
-93.314922,1001,45.056031
-158.206823,1001,50.162371
-0.401719,142,51.140511
-120.673932,1001,56.558647
-105.715197,1001,62.077772
-115.25241,1001,69.237832
-30.222869,1001,74.538156
-103.899627,1001,79.836362
-76.629728,1001,85.071669
-45.287555,1001,93.010756
-87.985079,1001,99.007498
-62.889472,1001,105.050676
-80.462319,1001,111.380368
-159.888491,1001,119.490931
-50.572676,1001,125.533776
-36.102394,1001,131.071723
-30.691438,1001,136.986144
-80.333712,1001,143.317659
-112.888447,1001,151.438385
-127.673465,1001,157.535864
-113.737273,1001,163.318024
-107.972429,1001,169.172766
-115.803723,1001,177.357472
-29.259987,1001,183.562902
-95.702667,1001,189.86604
-31.353209,1001,195.700728
-36.968585,1001,203.864903
-74.97925,1001,209.994522
-49.833341,1001,216.441974
-37.325645,1001,222.699272
-83.059889,1001,230.581089
-44.344748,1001,236.817215
-23.98102,1001,242.56081
-38.236393,1001,248.397756
-1.405394,236,250.127732
-86.997149,1001,257.664585
-72.671127,1001,263.44465
-42.702143,1001,269.07215
-26.36913,1001,274.697771
-27.49022,1001,282.219292
-68.451934,1001,287.681323
-25.803667,516,290.775135
-54.024463,1001,296.715625
-32.372812,652,300.93711
-45.887561,711,307.513252
-22.578784,1001,314.46773
-24.293362,663,318.933339
-42.833092,1001,325.340361
-58.739152,1001,333.418094
-25.776985,1001,339.210973
-22.614967,1001,345.041706
-5.400665,266,346.802504
-14.070435,440,349.640589
-20.967745,1001,355.467089
-15.556037,1001,363.312522
-11.650773,766,367.695124
-25.33034,495,370.716159
-41.395058,1001,376.554576
-17.659551,1001,382.18658
-7.402628,1001,389.793171
-22.324401,455,392.849971
-18.068542,1001,398.532504
-10.45389,550,401.844342
-39.521246,863,406.746685
-45.201969,868,413.480449
-24.709934,453,416.087211
-15.259586,640,420.058211
-36.597633,774,424.478675
-5.598034,508,427.664934
-33.098821,1001,433.400889
-2.313816,294,437.722331
-6.593984,774,442.351189
-15.935165,407,444.948467
-18.296052,721,449.092642
-38.727662,1001,454.824852
-5.580939,969,460.816585
-3.08163,396,465.042498
-24.393499,523,468.643186
-16.68516,1001,474.698032
-3.873402,197,476.217677
-26.36312,1001,482.918947
-16.472203,397,485.225993
-7.587546,255,486.952249
-13.235716,1001,494.336761
-8.343273,496,497.415338
1.08476,190,499.048403
-4.551492,336,501.32912
-14.659247,838,506.474285
-20.265828,689,510.681494
-39.149136,651,514.76734
1.74421,172,516.040732
-6.338314,143,517.141218
-12.707091,989,524.921708
-19.733625,1001,530.735915
-65.252957,1001,536.443357
-9.085141,557,539.968899
2.660382,499,542.981837
-3.506409,239,546.423157
-0.159815,265,548.392338
-0.281548,109,549.423306
-0.669762,1001,555.533446
-4.266879,195,556.979503
-18.395947,1001,562.755307
-1.226169,349,565.134193
-20.117321,1001,571.05287
-5.193929,318,575.251792
-2.024847,395,578.344222
0.278857,175,579.794589
-7.058038,654,583.890997
-3.694888,676,587.828289
-2.112089,139,588.957903
-11.291514,847,594.044282
-2.895957,169,595.438377
-0.074136,897,602.952924
-16.994158,720,607.531908
-0.015749,128,608.488836
0.5747,145,609.558061
5.311044,474,612.539303
-21.317254,1001,618.54321
0.631541,242,620.376292
-0.697533,111,621.262274
-2.592623,133,622.239725
-4.462238,351,624.688989
-1.86374,148,625.833312
-9.140494,294,627.905036
-1.231382,116,628.821569
-4.582644,172,631.96962
-0.462805,208,633.35781
-7.567595,624,637.065236
-13.637599,532,640.492967
1.959268,218,642.051891
-1.630226,264,643.946057
0.79491,336,646.226939
0.808674,442,649.075978
-1.620671,543,652.679674
2.785208,357,654.981686
-10.761506,422,657.871033
-2.362218,132,660.802311
-6.011644,284,662.933165
-1.857112,101,663.876245
-1.25192,370,666.487597
-1.536362,76,667.224389
2.931979,367,669.75685
0.036872,260,671.597243
-3.443604,266,673.55475
-8.436058,714,678.044323
1.77982,365,680.494233
-1.813148,119,681.543156
-2.45292,226,683.207299
-2.228335,164,684.426696
3.329602,208,685.88937
1.195297,81,686.684451
-2.791709,125,687.793718
-5.358622,1001,695.915692
-5.880174,521,699.312235
-1.527696,75,700.076283
0.99111,184,701.496297
1.405287,121,702.459219
0.226499,375,704.980782
1.774378,167,706.195466
-2.945619,170,707.443885
-41.121556,1001,713.551904
3.412392,194,715.090207
1.181122,105,715.971667
-0.573248,163,717.138266
0.295726,218,718.703521
-3.851076,169,722.13612
1.955903,229,723.828656
0.913734,183,725.108096
2.861633,275,726.952398
0.693761,101,727.82121
0.064011,313,729.970171
-2.078907,224,731.607127
4.57942,307,733.624115
3.618,520,736.864237
-1.341048,97,737.653985
-3.52019,153,738.767225
-0.616842,127,739.749906
3.174119,580,743.19269
-0.654874,233,744.894189
-10.687169,739,751.571507
3.783217,339,753.838769
-0.644684,175,755.07465
-0.540638,63,755.704483
-0.703964,85,756.605798
1.325701,174,757.864193
0.306894,116,758.787247
1.959009,243,760.492417
-0.943799,90,761.28861
0.511254,90,762.037947
1.558121,570,765.632132
-4.080654,474,768.621705
0.100877,127,769.708657
6.057449,408,772.265259
-7.164363,248,774.13509
6.748127,421,776.720362
-3.343514,260,778.590499
-0.932182,230,782.22879
-0.711065,84,783.07925
-0.081068,81,783.916108
5.979046,266,785.786135
2.082736,131,786.877127
0.07385,93,787.798149
8.67945,297,789.816523
-5.201159,397,792.426263
3.65948,217,793.872588
0.665936,94,794.737826
2.312215,202,796.255335
1.087225,116,797.172133
3.701602,289,799.232071
2.10005,131,800.26391
-0.408638,87,801.086351
0.200816,65,801.738752
1.545274,162,802.997989
4.955799,422,805.799481
1.762323,188,807.246584
4.061961,218,808.811324
-0.62948,65,809.47565
0.127557,51,810.061175
4.300642,174,811.256272
-1.242165,189,812.615972
-9.223628,318,816.691088
6.239657,153,817.821037
3.92381,378,820.393287
0.194227,132,821.527048
1.318454,144,822.630647
0.285861,148,823.871564
6.220143,184,825.135171
-0.876235,80,825.866412
5.071942,255,827.696034
0.19252,76,828.43225
-1.537185,166,829.665263
-0.649486,475,832.755432
0.320505,93,833.640238
0.98601,80,834.387051
1.354928,120,835.470758
0.076297,70,836.11863
-0.193199,166,837.34224
0.113673,175,838.6436
0.874509,75,839.427756
1.97724,344,841.758882
10.747868,296,843.798322
0.744682,213,847.314121
8.422221,341,849.646152
0.111093,104,850.552689
-0.665542,75,851.236361
1.665763,126,852.271614
4.433399,129,853.395303
-0.001591,314,855.46453
-0.203922,134,856.60684
3.933586,274,858.412482
1.210435,114,859.363452
-1.993216,296,861.315991
0.853646,340,863.572181
1.174131,66,864.351203
-0.007452,91,865.204055
3.78356,585,868.849467
3.921849,159,870.261261
0.247932,117,871.259113
5.283622,295,873.405178
-0.65874,56,874.021222
2.941626,175,875.322923
-1.15269,98,876.172728
-2.360838,129,877.1661
-0.524686,186,880.552934
2.325391,123,881.638055
5.576238,330,883.770986
-0.724787,112,884.746417
1.751851,483,887.903943
18.33088,587,891.774825
1.644683,128,892.883076
1.842032,134,894.004405
8.469395,171,895.335296
1.276944,430,898.136287
1.984945,136,899.174143
5.609008,402,901.735257
4.529482,195,903.144168
8.229887,608,906.956362
5.781336,241,910.454
-1.544146,71,911.130131
4.938338,212,912.590042
2.548469,153,913.70462
-1.011958,144,914.826077
4.540526,205,916.492098
1.794824,78,917.277503
2.827399,114,918.187287
2.991844,128,919.221858
-0.588889,114,920.170273
9.127122,293,922.061553
3.28772,148,923.21094
9.447437,309,925.305064
3.489358,322,927.339248
0.601807,90,928.097049
1.893448,86,928.845
-1.846999,183,930.101232
0.956835,136,931.129631
1.475349,145,932.214678
0.857349,118,933.187349
0.620303,62,933.791376
2.322268,288,935.761938
6.018984,175,937.041164
4.281303,165,938.278837
21.547157,629,944.088829
3.777182,140,945.196807
3.114437,162,946.337073
2.300125,206,947.73976
4.184473,576,951.200874
0.851219,110,952.10499
0.037081,172,953.320079
4.379356,161,954.517424
6.532962,243,956.164108
11.340398,405,958.597055
7.01914,197,959.941055
2.802562,198,961.406728
2.19463,152,962.547101
5.213309,300,964.510671
0.959835,341,966.699034
4.491434,184,967.993043
-0.802465,77,968.675552
4.131696,163,971.786798
3.070676,198,973.140817
-0.785092,130,974.194817
8.508405,261,975.824795
3.202309,128,976.80892
1.956751,80,977.557284
-0.536324,510,980.684911
-0.882621,92,981.460708
7.838235,248,983.003273
-0.270041,221,984.461032
5.544307,147,985.554828
4.775518,350,987.76474
3.003783,162,989.0368
1.447692,86,989.804547
-0.850107,196,991.101453
0.642482,330,993.124572
4.932493,143,994.16112
0.196124,409,996.673759
3.346546,130,997.619059
2.297464,140,998.674833
0.251493,91,1001.420887
18.765658,622,1005.163666
-1.085781,145,1006.256914
-9.266524,618,1010.004957
1.03773,114,1010.921113
8.40269,226,1012.448929
3.863884,266,1014.230778
2.556063,227,1015.696742
3.237809,102,1016.548931
3.744907,155,1017.685493
1.556886,168,1018.921489
0.105532,164,1020.141088
0.461099,146,1021.241364
-0.362437,64,1021.905618
0.409111,111,1022.808834
0.964219,51,1023.414792
2.756888,137,1024.451146
3.625472,152,1025.616792
2.013964,130,1026.609753
1.697022,95,1027.487075
3.654883,298,1029.438992
3.701281,107,1032.221254
0.13486,82,1032.985012
0.443594,278,1034.874713
1.861237,156,1036.111905
0.85153,234,1037.614954
9.942069,312,1039.714997
0.575071,179,1040.986688
1.377475,123,1041.944694
-0.00828,174,1043.210801
-2.450783,161,1044.365427
24.062862,570,1047.964868
3.872975,144,1049.011899
2.646061,202,1050.364872
1.860978,120,1051.318575
8.393209,203,1052.725408
1.355204,251,1054.477048
6.114417,721,1058.863111
6.336081,173,1062.007504
6.652817,163,1063.191053
1.579815,193,1064.557276
2.75087,236,1066.228877
3.663198,246,1067.874692
2.087607,75,1068.55106
1.355092,116,1069.470716
12.125461,240,1071.050745
1.727493,86,1071.787455
4.422619,151,1072.874631
3.462939,199,1074.204853
13.707324,437,1076.945808
9.838679,228,1078.547246
8.023311,167,1079.692737
3.315788,118,1080.662919
9.772485,308,1082.646713
0.979045,124,1083.664848
5.43235,182,1084.951976
1.807305,70,1085.624535
7.221099,214,1087.144808
2.429434,144,1088.244603
11.48668,231,1089.938852
1.659057,126,1090.975308
5.040951,434,1095.61697
2.41433,181,1096.913345
3.770434,124,1097.894739
4.450925,235,1099.493751
1.507979,93,1100.243721
15.95577,352,1102.658812
13.051613,577,1106.429135
2.241564,128,1107.492537
2.135353,132,1108.541171
3.805646,159,1109.643242
-1.432492,423,1112.187898
4.694803,192,1113.449383
18.062447,516,1116.649072
3.048428,116,1117.556528
3.884696,186,1118.876894
7.791496,224,1120.419256
6.6105,182,1123.66751
1.654087,125,1124.674394
7.963819,245,1126.31672
4.213232,199,1127.67449
8.174934,213,1129.124505
5.680092,159,1130.294481
4.261099,127,1131.265776
3.786951,121,1132.214386
1.268128,154,1133.374688
6.291723,207,1134.834813
2.976838,85,1135.568337
3.394277,154,1136.694613
-0.140372,23,1137.137827
5.288546,114,1138.047852
16.656773,366,1140.344878
3.306803,101,1141.202734
18.445183,617,1144.804383
9.890755,445,1147.542588
4.402764,117,1148.46456
17.680503,307,1150.354806
5.817185,172,1153.518826
4.903813,134,1154.507185
2.641695,123,1155.46891
18.326978,443,1158.33059
7.143394,209,1159.822656
6.172481,208,1161.390538
9.903495,619,1165.157855
15.012499,336,1167.298804
11.082187,453,1170.178395
15.598353,572,1173.732231
9.178176,168,1174.976059
11.799572,275,1176.778516
11.723276,282,1178.730237
1.957986,123,1179.718372
8.308296,220,1183.153685
-1.109502,85,1183.906774
3.272028,102,1184.741553
10.897387,356,1186.935595
9.865734,538,1190.224487
7.237707,162,1191.425388
1.174132,64,1192.071059
9.48333,339,1194.324661
9.361519,237,1195.908387
6.876298,165,1197.108131
0.051762,96,1197.925719
7.62583,190,1199.186105
1.485521,98,1200.044691
23.718656,576,1203.594506
8.988604,206,1205.033193
2.505079,537,1208.204433
6.868311,195,1211.536699
4.031953,113,1212.404763
2.997954,122,1213.374635
3.317898,236,1214.92662
12.425427,287,1216.820847
8.834808,252,1218.478579
12.341671,213,1219.916728
3.965894,348,1222.287675
7.928111,360,1224.542632
18.618243,308,1226.540693
19.933793,458,1229.332999
8.75187,305,1231.182981
9.854265,497,1234.157138
1.898871,69,1234.820259
7.234835,177,1236.077586
2.169441,77,1236.787239
40.264201,900,1243.9394
5.513131,176,1245.184718
9.217669,156,1246.343648
8.070883,195,1247.811127
22.084395,404,1250.336844
0.838876,76,1251.060767
2.38557,102,1252.006761
6.798498,177,1253.319032
9.759822,272,1255.066952
6.912982,157,1256.290586
15.002119,593,1259.788373
1.619734,141,1260.854661
10.216249,280,1262.698949
5.541231,132,1263.686364
21.036832,436,1266.328305
24.922589,446,1271.112528
32.36506,742,1275.553447
9.473133,316,1277.614264
11.491897,207,1279.038693
9.549893,247,1280.724489
2.937243,135,1281.75103
21.508888,454,1284.636695
5.488282,109,1285.534231
8.539194,244,1287.230857
9.641895,150,1288.394551
11.695605,229,1289.948694
13.09633,255,1291.642347
6.658442,156,1292.881279
-0.320155,19,1293.296348
3.040474,280,1295.089559
6.90023,135,1296.226605
3.131889,195,1299.518533
23.635784,431,1302.172527
4.748699,135,1303.185871
8.84272,240,1304.8021
36.652787,784,1309.282498
12.99377,393,1311.625048
18.999409,373,1313.892035
9.119613,434,1316.584498
7.414872,216,1318.125134
41.297095,548,1321.362531
12.754111,224,1322.816479
39.203557,904,1329.998473
6.995953,225,1331.542886
22.688016,513,1334.677006
22.611978,451,1337.428786
14.208323,621,1341.058555
1.497626,218,1342.556751
19.405763,411,1345.121581
5.56215,143,1346.190499
4.423082,119,1347.142616
26.702465,584,1350.584583
15.925755,605,1356.089351
39.566192,759,1360.584635
1.137734,71,1361.294537
2.269027,104,1362.144328
10.627546,370,1364.474549
5.54279,209,1365.864444
44.038474,980,1371.50456
5.949884,96,1372.297269
27.449548,558,1375.627858
5.488165,167,1376.82017
12.074678,197,1378.131546
19.311863,468,1382.934324
14.309277,181,1384.194098
29.810327,837,1388.997398
3.728497,103,1389.837257
40.625495,625,1393.534157
17.122752,524,1396.78824
-5.346772,1001,1402.51639
10.521673,267,1404.238263
4.19346,120,1405.276982
10.040687,194,1408.432397
33.517478,625,1412.272357
1.472968,92,1413.106802
35.941384,518,1416.25651
16.136357,619,1419.929625
8.824315,216,1421.430479
15.980615,255,1423.144494
23.569223,406,1425.624276
27.704356,1001,1431.464231
8.762378,159,1432.560693
1.278353,131,1435.389911
16.632105,348,1437.494128
9.98094,174,1438.730805
27.668399,648,1442.654494
43.16976,819,1447.4365
38.021935,587,1450.974408
62.725438,1001,1456.818473
10.813037,574,1462.206738
29.945371,534,1465.344907
20.368376,468,1468.156564
21.067083,617,1471.79015
4.087391,81,1472.53437
6.695434,133,1473.568593
24.772375,415,1476.064226
36.514933,685,1480.056852
16.894216,184,1481.396144
18.183582,366,1483.653981
40.878884,693,1489.574148
21.960814,317,1491.504267
16.428879,421,1494.01412
11.578254,318,1496.018253
18.366622,359,1498.365512
27.464659,1001,1504.374439
6.914929,325,1506.73911
20.661847,342,1508.93107
18.003559,460,1511.918313
11.303191,360,1514.140572
12.050743,251,1517.642124
36.244944,413,1520.358088
-0.896831,237,1522.01242
11.497463,228,1523.598443
75.072589,986,1529.371369
18.502293,271,1531.118355
3.111279,1001,1536.879204
47.486664,1001,1544.488217
41.661893,1001,1550.268128
13.131626,229,1551.804437
6.39524,152,1552.935401
58.558688,1001,1558.588018
31.875954,1001,1564.238733
33.36978,595,1569.714709
15.116677,383,1572.040452
6.329504,234,1573.598297
6.577463,202,1574.978283
18.44882,919,1580.198186
51.410661,779,1584.678338
4.398212,170,1585.866302
13.11472,196,1587.198278
7.769023,152,1588.318419
6.594277,129,1589.398144
15.128972,189,1590.680411
14.945827,257,1592.378072
44.932544,648,1598.190169
0.802176,51,1598.808223
36.78229,400,1601.380629
5.942748,149,1602.508074
7.529152,260,1604.184153
4.872693,157,1605.339534
38.713797,516,1608.408229
59.171204,775,1612.807871
8.655405,214,1614.3279
16.279828,247,1615.932267
16.314837,291,1617.81787
21.644561,1001,1625.433875
13.889007,500,1628.532215
7.570957,114,1629.532186
20.886313,317,1631.520437
17.432915,229,1633.060675
45.742361,730,1637.282182
41.367011,590,1640.865419
20.736084,355,1643.09417
10.320717,384,1645.462196
17.121035,264,1647.184364
15.449371,215,1648.668285
25.228846,403,1653.126936
49.543811,1001,1658.751819
4.286251,142,1659.812299
87.433704,1001,1665.448036
9.196608,197,1666.788069
17.495987,272,1668.538043
19.144724,329,1670.692799
50.724841,725,1675.048084
17.937019,476,1680.006797
14.000853,243,1681.598323
85.986126,1001,1687.400105
17.447143,277,1689.277924
75.675789,1001,1694.908704
2.860051,82,1695.644001
29.228479,406,1698.160148
51.248982,745,1702.440175
12.92421,208,1705.778079
18.317878,237,1707.410499
20.945745,529,1710.48567
34.06202,484,1713.257953
23.08288,522,1716.377917
29.462181,397,1718.817852
21.716578,467,1721.697906
70.532006,709,1725.89823
41.529107,466,1728.80788
24.459351,424,1733.271057
2.033202,71,1733.960143
35.507394,404,1736.467776
48.957553,686,1740.612189
5.872598,121,1741.577993
19.440329,288,1743.507333
13.442364,272,1745.377928
18.641064,267,1747.152091
4.067599,87,1747.867836
50.977893,593,1751.44426
46.421523,516,1754.61215
33.112193,491,1759.625322
12.890711,183,1761.011979
74.538452,812,1765.762187
40.180871,1001,1771.470433
40.976204,442,1774.174342
23.371577,299,1776.107928
52.572622,638,1779.834151
34.945147,373,1782.144799
35.842216,435,1786.692113
34.231044,441,1789.348186
17.738649,1001,1795.102284
44.46378,437,1797.849396
10.516686,199,1799.282147
19.307582,913,1804.52337
49.941546,656,1808.384985
32.291523,386,1812.774135
33.352722,406,1815.318597
35.463686,581,1818.737914
41.03138,499,1821.760051
52.807899,661,1825.668048
28.429489,488,1828.637834
64.396968,998,1834.367111
5.685838,99,1835.180928
1.842777,96,1835.958044
31.106493,325,1839.944513
26.3687,315,1841.9581
93.224081,1001,1847.717979
49.403801,534,1850.833284
-55.722255,1001,1856.547637
62.420469,1001,1862.220867
22.17353,226,1865.718024
13.08115,173,1866.988082
61.732402,1001,1872.939167
64.096139,645,1876.84196
7.353803,137,1877.877614
46.217737,436,1880.52806
26.033086,1001,1886.262914
21.202034,846,1893.197789
70.166699,658,1897.07994
38.343074,552,1900.358329
53.233205,596,1903.892206
25.737869,372,1906.224015
23.993218,270,1908.215027
38.720087,1001,1913.971903
22.382341,221,1915.581823
45.393518,1001,1923.919825
84.787865,1001,1930.347803
27.159467,377,1933.009681
12.149837,183,1934.40995
106.67594,985,1940.210702
22.383932,246,1941.939631
39.821907,652,1947.911931
21.938816,469,1950.705197
36.860137,646,1954.508588
85.249365,852,1959.677035
68.215025,719,1964.155563
20.332439,217,1965.894916
0.993178,96,1966.714679
66.044313,1001,1974.84645
40.714839,615,1978.671205
13.300473,212,1980.123724
20.010952,195,1981.563463
85.542659,1001,1988.015107
63.940715,1001,1993.925089
45.031933,571,1997.304482
17.546798,184,1998.596715
12.01063,1001,2006.294781
3.705526,87,2007.111191
-15.710448,1001,2012.822921
13.08432,894,2018.026015
37.30523,667,2022.006892
8.71427,201,2023.360546
79.685899,954,2030.654694
24.911717,289,2032.544602
16.044461,245,2034.184484
82.06218,817,2038.950894
34.745882,441,2041.635563
31.722897,459,2044.397487
20.816513,229,2045.95061
57.095085,993,2051.75542
17.813281,531,2056.831037
24.785764,260,2058.568705
27.242309,441,2061.221847
11.027278,192,2062.511184
127.101337,1001,2068.064363
27.65001,365,2070.256807
87.572071,709,2074.27483
52.691637,1001,2081.892508
52.657974,635,2085.786884
56.38387,1001,2091.951312
19.87794,249,2093.651523
28.544092,338,2095.783455
42.222404,333,2098.091243
72.950288,724,2102.389795
49.621077,442,2105.094613
11.237036,991,2112.96076
24.85429,718,2117.192768
59.546878,651,2121.016214
42.689396,495,2124.058697
37.24435,892,2129.26622
12.118715,143,2130.330759
11.032916,183,2131.616952
62.775524,502,2136.694683
79.049483,1001,2142.339203
23.893627,369,2144.628352
17.118857,320,2146.604777
10.118436,163,2147.760596
24.516309,370,2150.132433
56.046569,630,2153.86171
37.101405,537,2157.405418
92.692909,1001,2165.332643
31.049279,1001,2171.223721
38.686906,352,2173.536869
62.222419,1001,2178.985986
90.119261,1001,2184.446047
8.739258,1001,2191.694945
68.397424,771,2196.023025
98.723087,729,2200.079005
37.526541,929,2205.333681
14.234715,718,2210.001549
83.058893,1001,2218.081427
49.825098,486,2221.075643
10.736828,178,2222.377309
47.461311,1001,2228.097643
49.452825,1001,2233.900434
39.1109,535,2239.106063
17.572671,255,2240.852615
140.429629,1001,2246.739259
80.337045,840,2251.639599
82.937636,661,2255.714402
39.636049,625,2259.359545
131.706201,1001,2266.709557
100.378016,1001,2272.672715
-33.097511,1001,2278.692653
27.432758,273,2280.698187
76.700188,1001,2287.260547
-28.076942,1001,2294.906158
44.410819,477,2297.893468
9.498196,135,2298.897869
25.972039,353,2301.099199
15.679784,182,2302.435599
131.640285,1001,2308.335324
125.378359,1001,2314.031547
14.58461,253,2315.681638
9.618767,988,2323.354631
-24.512117,1001,2329.143382
86.650019,1001,2334.84988
69.797179,911,2340.039403
80.407226,1001,2348.01853
40.620918,1001,2353.837609
0.828416,43,2354.346353
5.06269,114,2355.31017
104.688685,1001,2361.157444
111.828788,1001,2367.233407
86.100382,676,2373.439095
2.14962,155,2374.632428
106.864524,1001,2380.417366
66.843031,654,2384.246386
117.990227,1001,2389.895317
45.232611,397,2392.459396
12.097113,152,2393.593397
17.441267,211,2395.088591
97.595258,1001,2402.90334
133.640501,1001,2408.689325
-21.360336,1001,2414.50638
118.424071,1001,2420.416425
103.22282,1001,2428.162995
32.647675,290,2430.227714
94.106541,880,2435.581724
40.680781,804,2440.802162
24.874313,279,2442.637944
64.33111,549,2445.937541
43.430037,414,2448.49922
65.841953,688,2454.37578
-5.673736,1001,2459.817162
111.318082,713,2463.782274
13.877043,211,2465.209774
53.495502,479,2468.019125
60.771402,1001,2473.973558
91.30956,1001,2482.000039
101.468331,1001,2487.994967
87.815537,741,2492.495396
49.561987,1001,2498.447968
25.34324,269,2500.254867
81.391762,730,2506.988509
62.320585,653,2511.219158
164.548475,1001,2517.615069
135.783162,923,2523.256137
165.745672,1001,2529.028152
135.838353,1001,2537.112152
37.90548,350,2539.436387
41.990972,293,2541.356172
106.328322,781,2545.799184
53.677782,488,2548.80345
31.377841,276,2550.619158
14.721493,157,2551.761889
144.764282,1001,2559.342165
9.809968,145,2560.411429
123.586102,964,2566.029064
74.530393,1001,2571.809142
42.94392,295,2573.66122
22.115466,178,2574.893182
35.598716,341,2577.119022
-57.875606,1001,2584.785507
69.315726,1001,2590.798936
116.188017,1001,2597.110193
27.726945,200,2598.610072
22.421549,211,2600.139841
34.391016,816,2605.139785
53.007601,417,2607.844254
74.432407,498,2613.089997
106.255273,1001,2619.144357
72.276301,621,2622.977787
50.86036,604,2626.559755
120.803089,1001,2632.502023
81.223787,1001,2641.126019
77.098821,829,2646.064654
15.545723,155,2647.260571
100.546565,769,2651.92207
132.945428,1001,2657.850213
80.148442,1001,2663.731972
49.00071,466,2668.538246
0.852505,38,2669.066207
157.826269,1001,2674.758484
154.207811,1001,2680.763505
145.794673,1001,2686.973895
22.685944,1001,2695.19446
-2.169928,1001,2701.091702
56.464264,1001,2707.046109
134.523737,1001,2712.829933
132.904844,1000,2720.674219
15.917232,1001,2726.58449
25.461984,1001,2732.395729
130.491822,1001,2738.453895
13.075969,1001,2746.189949
103.574452,1001,2751.989699
102.38392,866,2757.031915
120.402234,743,2761.325868
97.239821,1001,2767.019742
80.723002,1001,2775.154051
159.299442,1001,2781.457698
59.544813,351,2783.749553
58.143083,397,2786.39577
129.997419,1001,2792.183908
67.423792,721,2798.385576
35.460602,961,2804.019951
93.372848,1001,2809.915779
77.030047,604,2813.613938
145.057229,1001,2819.332815
28.561452,225,2820.982911
99.591416,1001,2828.672679
56.49521,1001,2834.586998
77.931672,732,2838.958259
127.364838,1001,2844.842963
135.010861,1001,2852.46725
116.357571,1001,2858.30375
82.266147,528,2861.612721
85.643042,1001,2867.335804
50.310049,613,2870.945899
58.824863,1001,2878.745629
100.03806,1001,2884.477853
152.555168,938,2889.827745
108.775744,1001,2895.60273
67.558054,1001,2903.300764
45.945248,465,2906.292578
153.939865,1001,2911.962613
104.349474,1001,2917.747405
40.444376,353,2919.926619
94.459952,1001,2925.762534
137.782505,1001,2933.454786
34.061129,293,2935.342772
68.56431,596,2938.9317
174.396259,1001,2944.922123
146.843273,1001,2951.118479
-19.630779,1001,2959.048691
100.100328,1001,2965.068644
130.337972,1001,2970.937624
125.454083,1001,2976.824759
152.493464,1001,2984.498694
161.471275,1001,2990.350746
30.431564,1001,2996.230491
127.948259,1001,3002.174464
161.8633,1001,3009.814388
55.683713,516,3012.879336
-26.073459,1001,3018.872375
133.176124,1001,3024.710665
104.138982,1001,3032.262539
73.534511,534,3035.683186
38.994872,272,3037.472634
94.728929,1001,3043.591685
19.647279,163,3044.763468
72.822527,721,3049.255662
141.888102,1001,3055.283438
112.072433,652,3061.085594
46.706919,508,3064.281593
149.363806,1001,3070.205567
152.057298,1001,3076.104785
184.07671,1001,3082.061218
67.51852,1001,3090.393617
139.372321,1001,3097.195903
176.57815,1001,3103.282929
104.259723,703,3108.068872
42.372525,299,3110.252647
54.623963,948,3117.912645
15.348005,166,3119.183003
135.727843,820,3124.542519
27.404569,209,3126.214524
114.580324,660,3130.286584
108.682217,1001,3136.136615
195.339319,1001,3143.802639
112.999101,657,3147.776884
110.695623,742,3152.360259
113.084104,856,3157.462266
151.273556,1001,3163.240324
117.089218,1001,3171.517149
41.886489,368,3173.937364
179.646856,1001,3180.073364
14.799381,170,3181.381378
99.876819,612,3185.16338
11.331918,1001,3191.10519
21.96962,225,3192.827727
206.122909,1001,3201.305462
133.930361,1001,3207.72974
93.781081,612,3211.691383
54.336371,357,3214.019741
96.220849,825,3218.867814
99.545049,904,3226.472354
82.556701,920,3232.117493
40.272993,284,3233.925134
138.772755,1001,3240.035399
192.488116,1001,3245.997566
152.807773,1001,3253.765209
92.346405,1001,3259.615324
78.62659,1001,3265.32519
167.716802,1001,3271.065229
132.053422,1001,3279.046775
168.752881,1001,3285.008653
192.685777,1001,3290.381264
35.557883,1001,3295.726501
127.240783,821,3302.450768
148.952402,1001,3308.419014
151.16822,925,3314.332099
171.923526,1001,3320.500636
171.535715,1001,3326.575186
156.147403,1001,3334.112667
15.096609,142,3335.320653
38.869671,269,3337.166578
70.034325,871,3342.416588
92.318149,1001,3348.368249
115.015374,735,3352.858685
40.41883,300,3356.752211
173.500842,1001,3362.75317
100.035886,1001,3368.348053
145.50928,1001,3373.846988
163.456259,1001,3381.406595
34.688732,315,3383.403401
61.844715,1001,3388.974206
118.88653,1001,3394.757302
186.414028,1001,3401.112749
146.517291,1001,3408.800538
198.0457,1001,3414.939524
101.412489,691,3419.178981
149.791927,1001,3425.330403
73.467174,1001,3431.483945
87.853017,612,3437.596114
131.935276,1001,3444.101847
153.88557,1001,3450.406045
159.528916,1001,3456.089297
179.422269,1001,3463.436433
160.365642,1001,3469.768981
48.664661,403,3472.367101
68.025944,1001,3478.369147
195.085907,1001,3484.233305
180.039144,1001,3492.244959
115.191198,1001,3498.220938
132.569356,1001,3504.887846
181.968693,1001,3511.042287
208.152499,1001,3519.316176
65.141318,433,3522.31701
192.926327,1001,3529.074514
109.321331,1001,3535.762627
168.144676,1001,3542.399072
124.989085,1001,3550.646079
172.475761,1001,3556.629131
124.199259,763,3561.288995
163.312994,1001,3567.365537
117.130886,1001,3575.340747
63.832262,458,3578.160997
178.918606,1001,3584.123932
77.538431,438,3586.823303
123.694167,1001,3592.583917
20.048947,201,3594.061036
175.598556,1001,3601.726937
153.636025,1001,3607.424911
39.652761,300,3609.407905
173.568906,1001,3615.791027
50.108283,307,3618.02497
154.712515,1001,3626.653725
80.781129,1001,3632.832896
87.725077,484,3636.017074
169.506124,1001,3642.350982
81.412931,521,3645.731011
98.657046,772,3650.603423
187.0376,1001,3658.627464
202.172644,1001,3664.370932
74.159584,428,3666.935733
176.163686,1001,3672.882812
176.715047,846,3677.991009
75.989388,1001,3685.932973
171.265789,1001,3691.980717
6.705559,887,3697.29725
177.256845,1001,3703.239487
116.213461,1001,3710.877709
184.504609,1001,3716.636444
123.859485,1001,3722.42355
81.855542,881,3727.558988
160.987959,1001,3735.285882
74.242229,1001,3741.341867
165.263428,1001,3747.202981
89.75843,1001,3753.775727
181.101997,1001,3762.202931
164.129311,1001,3767.915564
187.48247,1001,3774.525897
35.668741,268,3776.536849
42.523597,313,3778.565749
192.137438,1001,3784.871773
152.192156,780,3791.707947
188.606657,1001,3797.698899
216.034344,1001,3803.877853
70.106711,473,3806.935534
13.726208,202,3808.415813
156.53556,910,3816.065569
171.82665,1001,3822.195787
65.202482,349,3824.575728
146.163239,1001,3830.571779
192.29996,1001,3836.43573
201.668051,1001,3844.459602
122.978317,815,3849.309586
70.797929,385,3851.715521
186.155516,918,3856.985488
222.276134,1001,3862.645701
128.334127,728,3868.787313
133.041993,674,3872.847912
64.93922,391,3875.33557
114.1453,1001,3881.30626
223.434607,1001,3887.052082
140.186541,752,3891.618515
184.178877,1001,3899.33968
126.32265,1001,3905.051631
164.57439,1001,3911.045452
203.619922,1001,3916.641644
192.872798,1001,3924.645477
156.737116,1001,3930.701922
121.519097,1001,3936.870829
93.069708,1001,3943.400745
186.096926,1001,3951.276329
128.056217,1001,3957.244461
180.087885,1001,3963.165584
184.593578,1001,3968.920687
77.485816,480,3973.64272
134.301213,795,3978.280491
170.057173,940,3983.744591
178.840216,761,3988.135675
230.43785,1001,3993.904441
72.643278,437,3998.478669
204.41227,1001,4004.361893
124.923028,862,4009.474571
37.75718,210,4010.934192
195.97626,1001,4016.716479
145.822738,1001,4022.394329
207.428347,1001,4030.199541
179.895895,1001,4036.08922
154.998687,797,4040.814198
50.692612,290,4042.774643
215.91128,1001,4048.724421
14.250373,126,4051.585233
186.189635,1001,4057.556607
150.867579,1001,4063.39098
191.754362,1001,4069.225698
49.993723,317,4071.236766
223.222334,1001,4078.894533
180.969735,1001,4084.714131
202.330794,1001,4090.427273
125.581713,642,4094.264232
191.65477,1001,4100.029458
189.799927,1001,4107.825319
192.675665,953,4113.486492
97.63765,1001,4119.328268
91.219501,709,4123.54667
99.593852,477,4126.462698
226.012187,1001,4134.256599
15.647299,129,4135.248602
119.199036,982,4140.944349
217.076657,1001,4146.853952
139.701333,1001,4152.744143
100.996787,547,4157.986177
51.461174,281,4159.925377
197.15587,1001,4165.748405
159.207801,1001,4171.937328
207.259335,1001,4177.844572
253.294633,1001,4185.368227
179.370106,1001,4191.403515
164.886343,1001,4197.438307
177.399315,1001,4203.379207
45.283269,272,4205.177197
61.507562,665,4211.085388
172.475266,849,4216.103382
209.984841,1001,4221.984286
109.074552,1001,4227.33689
234.500978,1001,4234.119256
134.603872,1001,4239.657804
52.254003,289,4241.557031
185.809576,1001,4247.48734
173.779818,822,4252.375133
214.460776,1001,4260.259856
185.6936,1001,4266.620258
179.273223,1001,4273.117139
155.024413,1001,4279.413424
156.199203,1001,4287.524065
78.991228,435,4290.271282
121.394664,1001,4296.188957
207.811825,1001,4302.164673
214.894806,1001,4307.712586
184.442598,1001,4315.466995
205.834953,1001,4321.200514
190.256637,1001,4326.912524
227.284714,1001,4332.315184
177.870769,1001,4339.888978
136.167041,1001,4345.597097
42.48508,248,4347.227222
215.638043,1001,4352.90682
144.284458,1001,4359.058018
228.09781,1001,4367.532066
239.825161,1001,4373.777148
190.935583,1001,4379.941186
8.785967,131,4381.087079
230.476228,1001,4387.057612
127.378027,1001,4395.093245
206.745695,1001,4400.866934
105.675468,535,4404.153626
197.714245,1001,4409.877254
191.771477,1001,4417.542041
77.130271,519,4420.677032
129.323483,1001,4426.526942
41.218859,231,4428.039017
136.092902,704,4432.616916
196.320505,1001,4438.436896
220.595604,1001,4446.13668
137.584761,1001,4451.666822
149.554258,937,4457.166807
205.63034,1001,4462.689097
54.002496,330,4464.796866
150.4976,763,4471.099206
57.866587,635,4474.796736
161.486191,1001,4480.670643
190.436019,1001,4486.880929
240.40177,1001,4492.722818
179.518653,1001,4500.306749
187.973918,1001,4506.216814
221.851642,1001,4512.208483
210.475599,1001,4518.096943
162.757395,1001,4525.69788
54.374932,314,4527.679848
222.667102,1001,4533.755339
214.087182,1001,4540.155531
166.512593,1001,4548.189316
207.417137,1001,4554.11903
198.457641,944,4559.919773
205.41781,1001,4565.919359
244.947779,1001,4571.848962
204.001314,1001,4579.840808
192.036391,1001,4585.942814
227.076274,1001,4591.774846
149.835647,1001,4597.542852
207.867721,1001,4605.410479
217.458958,1001,4611.246914
179.99821,1001,4617.072752
169.698196,1001,4622.895647
42.018096,266,4626.540874
158.017196,1001,4632.557724
214.450378,959,4638.440903
129.05644,1001,4644.648936
191.001021,1001,4650.62883
231.075527,1001,4658.726497
238.065729,1001,4664.697735
202.365527,1001,4670.582674
217.895319,1001,4676.556463
123.64973,1001,4684.606426
172.137379,1001,4690.596733
80.786915,430,4693.276545
64.806773,347,4695.548902
261.243266,1001,4701.84672
248.790418,1001,4710.402102
107.359177,534,4713.858822
67.582177,456,4716.938991
213.966807,1001,4723.104281
9.249214,101,4724.02133
169.866295,1001,4730.212483
109.606358,515,4733.416834
197.007714,1001,4740.871877
193.015407,1001,4746.356221
229.751878,1001,4752.168542
180.458415,1001,4758.139897
224.535838,1001,4766.03437
190.087484,1001,4772.190436
234.243278,1001,4778.214229
234.391111,1001,4784.502048
205.033837,1001,4792.795626
205.770866,1001,4798.781751
202.039975,1001,4804.644283
51.05138,344,4806.869172
231.849333,1001,4814.354444
229.699949,1001,4819.854132
211.28612,1001,4825.459196
260.344022,1001,4831.004801
98.207732,554,4834.222725
249.186751,1001,4841.588609
174.253085,1001,4847.156138
231.966852,1001,4852.711424
195.509065,1001,4858.347999
139.653999,622,4863.855253
229.250509,1001,4869.690936
178.629542,735,4875.352206
129.268237,623,4879.371346
252.858194,1001,4885.718695
237.682437,1001,4894.088253
165.762185,789,4899.48346
244.066275,1001,4905.788568
181.213558,1001,4911.81646
179.507187,1001,4917.71245
243.99119,1001,4925.466265
201.613999,1001,4931.347967
242.776415,1001,4937.362331
262.896972,1001,4943.164806
219.906177,1001,4951.074235
115.396891,553,4954.480238
252.375932,1001,4960.266431
237.353441,1001,4966.218451
220.354711,1001,4974.238593
208.959526,1001,4980.406343
243.465959,1000,4986.376228
215.596134,1001,4992.604536
236.217171,1001,5000.78023
219.064975,1001,5007.180402
182.113684,1001,5013.092342
239.918156,1001,5019.032028
242.225371,1001,5026.828139
133.161413,1001,5032.802849
249.329352,1001,5038.70953
111.674667,506,5041.901876
202.027573,1001,5047.689233
228.060428,1001,5055.636887
39.037403,199,5057.016316
142.961744,1001,5062.738574
238.256064,1001,5068.72622
218.871482,1001,5074.602312
264.655405,1001,5082.335962
172.430962,1001,5088.130572
233.549165,1001,5093.990494
219.076163,974,5099.628485
170.861834,1001,5107.446198
244.036784,1001,5113.356067
211.157068,1001,5119.366063
116.388264,527,5122.746301
207.021868,1001,5130.726041
246.575489,1001,5136.47631
234.070125,1001,5142.535891
257.330922,1001,5148.346157
176.634591,710,5152.686271
265.261885,1001,5160.576244
185.646374,1001,5166.371
178.072658,1001,5172.275987
226.319714,1001,5178.095905
224.199706,1001,5185.956055
217.476872,1001,5191.855915
246.758934,1001,5197.599215
208.561312,1001,5203.466095
255.769782,1001,5211.237013
4.381313,108,5212.136002
187.327555,1001,5218.085976
226.398868,1001,5224.017168
266.18821,1001,5230.002479
223.108523,1001,5237.960811
237.994732,1001,5243.900149
179.23953,1001,5249.850176
233.055919,1001,5255.961225
263.65688,1001,5263.767295
237.945454,1001,5269.76474
194.911611,1001,5275.726054
182.013156,1001,5281.565849
202.463699,1001,5289.439946
234.442178,1001,5295.462076
260.90557,1001,5301.144016
257.893396,1001,5307.095802
235.233376,1001,5314.765778
220.4474,1001,5320.772086
256.227209,1001,5326.659903
205.82411,1001,5332.322105
244.032597,1001,5340.180839
91.395096,495,5343.115784
215.044153,1001,5349.035786
214.106819,1001,5355.075938
248.337746,1001,5361.126033
223.316861,1001,5369.226024
110.68837,503,5372.500725
244.186172,1001,5378.535794
251.576422,1001,5385.301987
244.692191,1001,5392.548876
74.35776,337,5397.147732
254.811251,1001,5403.265731
270.846004,1001,5409.508054
243.999736,1001,5416.88085
202.214662,1001,5425.315852
275.254417,1001,5431.421346
224.549779,1001,5438.018107
221.687196,1001,5444.485544
237.074242,1001,5453.575571
196.194486,783,5458.62025
221.335668,1001,5465.031569
283.593591,1001,5471.861355
227.661549,1001,5478.334192
220.831518,1001,5486.93696
179.947342,717,5491.718037
261.503992,1001,5498.096606
256.877587,1001,5504.523916
231.431612,1001,5512.919587
111.093827,495,5516.22181
250.731732,1001,5522.267568
238.616379,1001,5528.73577
246.816552,1001,5534.769881
255.782599,1001,5543.317729
121.082134,1001,5549.441482
229.088949,1001,5556.003959
224.662566,1001,5562.15767
247.067423,1001,5570.635389
210.86756,1001,5576.899286
239.390069,1001,5582.936801
113.835279,498,5586.219997
223.624626,1001,5594.335562
245.502238,1001,5600.495474
257.404017,1001,5606.905713
219.873935,1001,5613.255691
268.243441,1001,5621.466119
190.955351,1001,5628.05673
55.412407,287,5629.932198
170.993871,1001,5636.085688
218.141541,1001,5642.365453
83.552642,391,5645.283498
259.534903,1001,5653.403667
172.210863,720,5658.015405
256.487296,1001,5664.232098
264.365325,1001,5670.588601
216.465762,1001,5678.905651
241.543581,1001,5685.115237
263.244693,1001,5691.525499
261.355569,1001,5698.115539
259.207055,1001,5706.307511
258.685071,1001,5712.55354
248.976256,1001,5718.31376
184.324866,1001,5724.050945
219.635967,1001,5731.739436
205.80847,833,5736.726789
249.268092,1001,5742.846457
216.47282,1001,5748.856314
60.367581,289,5750.818184
271.469328,1001,5758.656316
249.539786,1001,5764.916547
239.425247,1001,5771.301033
235.655943,1001,5777.781307
260.738732,1001,5783.746361
218.198469,1001,5791.954693
181.593169,865,5797.061755
257.298749,1001,5802.98879
265.722546,1001,5808.857357
178.964721,1001,5816.468419
229.82824,981,5822.143456
179.126681,690,5826.694886
241.295745,1001,5832.985365
236.457152,1001,5841.36634
258.911018,1001,5847.896282
241.327566,1001,5853.906348
190.250058,1001,5860.117242
226.481623,1001,5868.011827
155.136655,647,5871.977884
193.681578,1001,5877.902915
242.951753,1001,5883.806807
105.825069,432,5886.528897
255.203743,1001,5894.467669
182.303741,1001,5900.688243
245.278983,1001,5906.440322
251.130167,1001,5912.49744
275.198308,1001,5920.287775
243.168904,1001,5926.235253
149.484284,616,5929.949449
242.84349,1001,5935.876222
137.612265,606,5939.437068
228.701425,1001,5947.245229
255.232125,1001,5953.338812
259.807196,1001,5959.274912
204.24586,1001,5965.218407
253.05532,1001,5973.100826
197.405558,1001,5979.188664
247.581139,996,5985.484651
269.972148,1001,5992.030207
251.822786,1001,6000.622451
174.280168,661,6004.621931
260.868364,1001,6010.441954
249.996514,1001,6016.456047
194.652506,1001,6022.371682
212.052872,943,6030.191306
250.371307,1001,6036.618086
269.207931,1001,6042.778419
273.319271,1001,6048.988319
250.804549,1001,6057.100185
257.393424,1001,6063.37378
265.406285,1001,6069.733774
223.85625,1001,6076.104861
209.936187,1001,6084.31126
266.213987,1001,6090.544739
266.954149,1001,6096.6211
266.492142,1001,6102.926234
197.989913,1001,6111.24822
220.89607,1001,6117.445012
268.060301,1001,6123.908199
247.852571,1001,6130.324274
191.616356,1001,6138.442787
240.655992,1001,6144.860939
243.108885,1001,6151.052608
262.809344,1001,6157.127724
274.277911,1001,6164.92861
210.345656,1001,6170.693589
271.374989,1001,6176.370629
195.699523,1001,6182.059196
245.899411,1001,6189.664331
213.011934,1001,6195.393551
257.845123,1001,6201.0417
276.492207,1001,6206.612794
245.438783,1001,6212.393668
241.121939,1001,6219.726199
259.361362,1001,6225.32841
245.659171,1001,6231.012032
247.811047,1001,6236.608083
96.718439,456,6241.211274
242.109806,1001,6246.676088
247.543364,1001,6252.11497
259.687743,1001,6257.773418
222.195299,1001,6265.169993
269.72286,1001,6270.805408
268.134281,1001,6276.256295
271.877411,1001,6281.847512
110.818195,531,6284.945435
247.16501,1001,6292.336731
266.33712,1001,6297.823827
158.122989,1001,6303.440684
260.353296,1001,6309.22244
252.063862,1001,6316.899579
258.690767,1001,6322.761671
243.903763,1001,6328.913898
182.10397,1001,6335.041115
198.867846,813,6341.894816
263.450704,1001,6347.767525
252.104509,1001,6353.988887
268.338565,1001,6360.143728
187.845817,1001,6367.971956
188.130198,1001,6373.927641
285.661476,1001,6379.943416
285.456138,1001,6386.016902
207.682554,1001,6394.141547
230.183262,1001,6400.283337
140.993233,1001,6406.74846
191.407102,1001,6413.266707
199.430237,1001,6419.709827
268.326219,1001,6427.673918
213.626891,1001,6433.77379
246.82598,1001,6439.653655
265.251591,1001,6445.633907
141.416531,701,6451.967313
258.469473,1001,6457.913662
245.29751,1001,6463.88388
280.852401,1001,6469.803406
227.212453,1001,6477.827034
267.186435,1001,6483.78849
176.587573,658,6487.63179
251.297448,1001,6493.62836
264.67315,1001,6501.453447
252.867885,1001,6507.416262
244.101104,1001,6513.388948
210.822161,1001,6519.763402
278.479715,1001,6525.618386
253.466755,1001,6533.66834
240.83399,1001,6539.609854
263.025654,1001,6545.641652
230.141713,1001,6551.782631
282.850727,1001,6559.918227
248.648011,1001,6566.061669
69.865377,321,6568.256707
204.564277,1001,6574.46093
267.417242,1001,6582.204107
220.474773,1001,6588.058037
215.527067,1001,6593.724773
243.841783,1001,6599.457632
277.985023,1001,6606.856325
244.976156,1001,6612.484392
220.068624,1001,6618.397962
273.154792,1001,6624.020523
215.84636,912,6629.084014
251.891915,1001,6636.815633
247.48109,1001,6642.381043
96.635336,512,6645.371361
248.919817,1001,6650.923083
211.696752,1001,6658.33661
126.585242,491,6661.241312
277.177202,1001,6666.715574
270.211158,1001,6672.467086
249.700232,1001,6678.156777
226.375272,1001,6685.707932
283.85202,1001,6691.358129
273.291865,1001,6696.986947
274.330015,1001,6702.70154
246.52969,1001,6710.069585
262.266164,1001,6715.512329
141.421325,540,6718.581768
228.162868,1001,6724.173949
248.904653,1001,6731.487154
265.063949,1001,6737.05088
231.100139,1001,6742.747557
238.656204,1001,6748.257152
236.384052,1001,6753.650303
285.529453,1001,6761.086536
251.113391,1001,6766.738674
268.37249,1001,6772.251585
276.067931,1001,6777.717897
250.037018,1001,6785.133212
283.920969,1001,6790.79196
239.535256,1001,6796.474674
109.45179,417,6798.977943
251.091978,1001,6806.403986
254.736439,1001,6812.118996
258.846274,1001,6817.863289
225.947042,1001,6823.519516
278.035208,1001,6830.852787
278.590127,1001,6835.960463
249.643242,1001,6841.328213
265.682262,1001,6846.956447
254.466529,1001,6852.514863
245.378797,1001,6859.79346
281.84058,1001,6865.150381
118.471873,523,6868.155385
276.662383,1001,6873.73134
238.781344,1001,6881.107829
279.0349,1001,6886.616459
266.123413,1001,6892.110796
170.764755,1001,6897.629326
273.465058,1001,6905.061284
279.693429,1001,6910.824158
261.662874,1001,6916.764305
264.496718,1001,6922.570947
278.639442,1001,6930.131529
271.524528,1001,6935.728837
288.405431,1001,6941.247473
227.075801,1001,6946.825623
210.375623,1001,6954.213267
295.531572,1001,6959.731732
248.708686,1001,6965.270555
293.322273,1001,6970.911345
278.830921,1001,6978.28387
269.171708,1001,6983.712476
274.173864,1001,6989.199679
254.497644,1001,6994.775408
263.237193,1001,7000.109078
227.379721,1001,7007.402935
153.12863,548,7010.619418
298.808538,1001,7016.126195
230.501348,1001,7021.690503
215.582955,1001,7028.914366
261.574501,1001,7034.475014
176.850949,1001,7040.115245
253.180915,1001,7045.720885
266.712145,1001,7053.113855
265.05217,1001,7058.620107
156.112461,771,7062.965877
303.364047,1001,7068.396474
251.674041,932,7073.444601
231.507259,1001,7080.661188
80.854962,540,7083.699367
198.433274,1001,7089.0767
268.751565,1001,7094.660009
269.672966,1001,7101.863293
268.152738,1001,7107.222624
214.280518,1001,7112.648659
131.556295,694,7116.532789
46.172317,223,7117.990833
300.330951,1001,7125.409257
273.830492,1001,7130.902303
226.998675,1001,7136.360157
300.66791,1001,7141.797625
170.465697,1001,7149.004465
287.750061,1001,7154.537585
289.672647,1001,7160.108109
300.169931,1001,7165.660527
270.86861,1001,7173.027827
268.061422,1001,7178.39801
180.07267,1001,7183.762547
232.22474,1001,7189.195678
261.931641,1001,7194.557447
171.437483,1001,7201.652052
201.063383,1001,7207.034602
87.084108,381,7209.291408
173.309195,1001,7214.708258
259.534581,1001,7221.883588
232.497838,1001,7227.255642
266.18638,1001,7232.549299
230.692367,1001,7237.925039
289.191709,1001,7245.057832
208.324371,729,7249.049302
214.580507,882,7253.817046
216.632406,1001,7259.201991
90.959622,360,7261.380326
194.832031,711,7265.304551
284.940667,1001,7272.767167
269.419776,1001,7278.313901
123.067575,472,7281.15842
220.728636,1001,7286.71683
257.416005,1001,7294.23811
279.236539,1001,7299.826004
271.820419,1001,7305.270119
250.274275,1001,7310.841727
293.573943,1001,7316.344269
248.409305,1001,7323.748466
263.604441,1001,7329.211795
282.517773,1001,7334.79608
269.631722,1001,7340.245568
287.539015,1001,7347.536613
309.457067,1001,7352.903201
163.244526,1001,7358.411877
208.205957,905,7363.396086
283.253638,1001,7370.67238
236.004688,1001,7376.187208
262.139442,1001,7381.584075
206.991033,1001,7387.04426
179.261791,1001,7394.227935
291.539525,1001,7399.66544
266.764644,1001,7405.033552
275.441866,1001,7410.437417
242.33323,1001,7417.672819
270.7967,1001,7423.019601
77.203666,339,7425.053353
252.763442,1001,7430.530245
269.221654,1001,7436.10077
180.50722,866,7442.714768
290.368967,1001,7448.250265
243.913483,1001,7453.809849
221.578181,1001,7459.353509
193.96077,1001,7466.505024
224.791128,1001,7471.994381
298.445579,1001,7477.420963
296.162921,1001,7482.874809
224.390882,1001,7490.016606
231.85619,1001,7495.290651
277.771962,1001,7500.705109
240.565582,1001,7506.06176
275.693612,1001,7513.367696
288.522992,1001,7518.69129
292.158006,1001,7524.040509
293.954178,1001,7529.441033
252.962284,1001,7536.679254
266.454025,1001,7542.191407
292.114074,1001,7547.590428
240.992618,1001,7553.06945
220.843078,1001,7560.346735
247.382978,1001,7565.728369
275.934039,1001,7571.10361
166.020552,1001,7576.569634
262.132605,1001,7583.859446
176.510344,1001,7589.348
257.811305,1001,7594.907673
246.507944,1001,7600.369756
245.034508,1001,7605.986349
208.069953,726,7611.820199
269.262535,1001,7617.410747
238.930024,1001,7622.903112
259.1174,1001,7628.363008
237.46509,1001,7635.713334
231.221969,859,7640.496973
240.777631,1001,7646.036341
225.233089,1001,7651.540382
261.160399,1001,7658.923464
227.565186,1001,7664.365407
170.760544,737,7668.636051
10.133537,131,7669.56446
281.586713,1001,7675.119084
235.78234,1001,7682.371952
287.764388,1001,7687.683573
183.912137,1001,7693.082262
276.359291,1001,7698.715257
288.513553,1001,7705.999815
192.228177,1001,7711.506437
162.419602,1001,7716.915652
283.007672,1001,7722.378345
309.229879,1001,7727.845742
165.468443,1001,7735.084958
254.822629,1001,7740.50643
275.734137,1001,7745.951605
255.599534,1001,7751.33462
283.648436,1001,7758.511312
262.445649,1001,7763.834759
288.30183,1001,7769.29338
298.456363,1001,7774.751439
281.176239,1001,7782.045621
105.382132,432,7784.572706
270.683086,1001,7789.966496
216.6544,1001,7795.45576
210.524817,1001,7802.795631
303.986359,1001,7808.159531
143.958251,1001,7813.516885
198.125622,1001,7818.986918
208.76383,1001,7826.153575
290.192579,1001,7831.482737
134.260599,585,7834.816181
153.444993,1001,7840.125776
256.276683,1001,7845.610037
281.264565,1001,7852.856306
295.680937,1001,7858.21232
247.970462,1001,7863.679191
217.225264,1001,7869.000942
164.815522,1001,7876.221513
238.864707,931,7881.190161
217.912786,1001,7886.597011
306.061892,1001,7892.121492
228.317524,1001,7899.400187
3.757486,60,7899.982241
198.458464,1001,7905.462018
253.726632,1001,7910.897353
136.937601,514,7913.888589
292.944656,1001,7919.382114
232.915038,1001,7926.634874
272.766491,1001,7932.034955
282.854609,1001,7937.47396
236.742107,1001,7942.950099
104.658099,1001,7950.01368
229.994198,1001,7955.442875
242.893828,1001,7960.843654
290.917923,1001,7966.416288
304.733851,1001,7973.754015
260.76609,1001,7979.317668
289.186976,1001,7984.799364
270.567211,1001,7990.254134
264.511548,1001,7997.529836
296.882342,1001,8002.961733
283.367287,1001,8008.355361
259.832209,1001,8013.75507
286.191437,1001,8021.031488
295.157126,1001,8026.377006
291.884276,1001,8031.717926
132.341875,1001,8037.158422
234.517122,1001,8044.476675
167.055419,1001,8049.872755
252.71862,1001,8055.249874
293.559454,1001,8060.711981
187.591007,1001,8067.887434
293.809187,1001,8073.294419
242.436337,1001,8078.67116
252.582833,1001,8084.097329
314.532985,1001,8091.36677
292.760824,1001,8096.779965
302.783703,1001,8102.078984
51.340566,223,8103.555408
275.645049,1001,8108.968365
251.01786,1001,8115.98186
278.698982,1001,8121.337223
285.302741,1001,8126.618154
3.254146,69,8127.261177
290.666094,1001,8132.747008
260.533041,1001,8139.827032
255.785969,1001,8145.153105
289.322435,1001,8150.511673
296.356375,1001,8155.852162
285.458048,1001,8163.159325
278.793132,1001,8168.980419
286.192407,1001,8175.092564
307.291513,1001,8180.806011
302.163256,1001,8188.025381
305.696694,1001,8193.607777
279.322071,1001,8199.077419
23.343928,147,8200.134497
281.602491,1001,8205.610005
246.602643,1001,8212.978245
262.557097,1001,8218.449707
286.200442,1001,8223.994999
294.79977,1001,8229.833457
313.680252,1001,8237.270407
263.060437,1001,8242.911871
254.673035,1001,8248.559669
276.737763,1001,8254.260687
296.59568,1001,8259.764436
310.044412,1001,8267.109155
228.008256,882,8272.014107
297.363177,1001,8277.400576
252.583298,1001,8282.939576
286.763659,1001,8290.251829
305.465784,1001,8295.693707
245.328544,1001,8301.106589
235.569585,1001,8306.680011
260.188615,1001,8313.975904
176.178796,1001,8319.47048
288.636198,1001,8324.906243
290.27203,1001,8330.319335
278.528731,1001,8337.459514
168.036559,1001,8343.011364
111.456472,437,8345.516366
234.52034,1001,8351.049709
314.732534,1001,8356.722951
237.329084,1001,8364.123802
156.606817,559,8367.336895
239.849056,1001,8372.994263
304.868432,1001,8378.922553
309.772054,1001,8386.541227
311.451871,1001,8392.002081
313.355722,1001,8397.472052
248.716993,1001,8403.01709
4.686262,66,8403.644296
303.821286,1001,8410.864264
293.4949,1001,8416.316633
292.55278,1001,8421.739568
316.251062,1001,8427.257522
250.821733,1001,8434.508302
125.438094,463,8437.276422
240.926937,1001,8442.776021
300.156035,1001,8448.208818
322.231873,1001,8453.695619
302.298206,1001,8461.019087
303.947013,1001,8466.442409
229.519948,1001,8472.078513
11.342891,129,8473.068702
293.975613,1001,8478.651267
310.925424,1001,8486.113646
298.053135,1001,8491.670049
284.461401,1001,8497.34666
293.471677,1001,8502.984237
253.924588,1001,8510.411887
222.844206,1001,8515.82072
271.811173,1001,8521.394816
281.623246,1001,8527.061033
241.882998,1001,8534.263195
275.367614,1001,8539.744941
213.268831,1001,8545.184807
282.103368,1001,8550.651182
174.93357,612,8554.091314
313.879986,1001,8561.372497
240.659064,1001,8566.688088
232.315615,1001,8572.16255
262.145719,1001,8577.496383
246.780722,1001,8584.718489
271.222968,1001,8590.235092
239.406793,1001,8595.89775
261.996973,1001,8601.687319
200.838789,1001,8609.137119
293.145636,1001,8614.770406
275.554542,1001,8620.238796
202.513836,1001,8625.85614
229.614493,1001,8633.359124
305.73891,1001,8638.844061
277.804175,1001,8644.445156
207.930132,1001,8649.940145
243.762458,1001,8657.115838
272.166881,1001,8662.622149
187.843289,1001,8668.099947
272.344945,1001,8673.604052
98.346641,448,8676.148566
329.1187,1001,8683.269326
243.137646,1001,8688.738531
264.646874,1001,8694.15581
285.202024,1001,8699.531763
239.401859,1001,8706.712838
266.424987,901,8711.834525
246.784773,1001,8717.522521
135.889807,1001,8723.073736
305.32682,1001,8730.5565
226.00801,1001,8736.318211
244.3153,1001,8741.933148
244.813943,1001,8747.477284
219.238294,1001,8754.823836
217.488166,1001,8760.462171
186.372993,688,8764.251551
213.094288,1001,8769.791439
262.860171,1001,8777.076514
175.201298,1001,8782.612137
212.051037,1001,8788.151119
219.635894,1001,8793.640028
289.398815,1001,8800.897552
298.819627,1001,8806.396453
257.938244,1001,8811.893748
5.649935,81,8812.59699
302.714708,1001,8818.251518
107.005308,1001,8825.535745
277.157752,1001,8831.176249
236.638325,1001,8836.855992
208.940766,1001,8842.588306
255.469977,1001,8848.59955
208.665185,1001,8856.267725
269.088782,1001,8861.754285
170.670665,1001,8867.27875
301.308978,1001,8872.841273
262.929661,1001,8880.031919
290.408864,1001,8885.564302
315.498083,1001,8891.133994
297.780823,1001,8896.633626
237.995787,1001,8903.9351
296.72955,1001,8909.399112
242.006195,1001,8914.769371
242.038587,1001,8920.349528
239.999905,1001,8927.623118
291.834692,1001,8933.145952
276.476348,1001,8938.466322
296.968392,1001,8943.870528
235.618371,1001,8951.042279
238.8431,1001,8956.838649
245.468102,1001,8962.538312
316.266136,1001,8968.280221
179.389759,1001,8975.753094
173.944792,1001,8981.27356
220.413729,1001,8986.828636
239.726125,1001,8992.384291
219.587778,1001,8999.854413
226.63047,1001,9005.439481
241.854167,1001,9010.983841
176.105923,1001,9016.603449
319.358573,1001,9024.006528
262.195792,1001,9029.546227
223.82029,1001,9035.106235
265.265443,1001,9040.534341
275.050314,1001,9047.901447
240.742578,1001,9053.537512
295.307872,1001,9059.097008
303.616027,1001,9064.597778
316.273283,1001,9072.022321
293.316335,1001,9077.606376
305.798796,1001,9083.360016
311.835734,1001,9089.032058
319.506354,1001,9096.515367
316.074362,1001,9102.15459
314.25327,1001,9107.725337
285.692391,1001,9113.344533
213.072602,1001,9118.912806
262.875727,1001,9126.321395
288.627321,1001,9131.858896
301.852008,1001,9137.55566
315.715713,1001,9143.086738
321.142386,1001,9150.405425
247.626909,1001,9155.868467
243.309338,1001,9161.220153
315.627544,1001,9166.744556
328.429025,1001,9174.112658
278.146835,1001,9179.59356
253.179876,1001,9185.013001
279.065367,1001,9190.484592
310.416259,1001,9197.956782
301.26004,1001,9203.590016
306.508382,1001,9209.349129
323.55033,1001,9214.936935
318.556137,1001,9222.257978
320.778833,1001,9227.694018
297.26367,1001,9233.277265
238.652014,1001,9238.789604
308.573238,1001,9246.038003
321.343197,1001,9251.389355
298.731849,1001,9256.753049
320.127281,1001,9262.320503
319.607115,1001,9269.599376
317.071304,1001,9275.369017
320.142069,1001,9281.310308
332.61243,1001,9287.270528
194.465857,709,9293.431129
232.580536,1001,9299.194097
264.03929,1001,9305.002388
230.915531,782,9309.845053
302.411024,1001,9316.247909
305.356779,1001,9324.336483
298.463375,1001,9331.016448
314.892507,1001,9337.670676
251.144105,1001,9343.772471
314.029974,1001,9351.783545
306.308161,1001,9357.726582
311.041775,1001,9363.572513
311.416224,1001,9369.51113
151.719894,600,9375.035613
310.277974,1001,9380.783648
257.625403,1001,9386.560396
248.622725,1001,9392.384861
321.80033,1001,9400.25788
297.254439,1001,9406.064504
306.412761,1001,9411.880135
268.822072,1001,9417.913463
280.544588,1001,9423.799433
228.850543,1001,9431.925218
228.748171,1001,9438.050377
294.797888,1001,9444.191153
312.915131,1001,9450.196085
280.518024,1001,9458.197397
242.906514,1001,9464.137371
292.367372,1001,9470.129348
290.373065,1001,9476.06443
314.147006,1001,9484.038234
293.616268,1001,9489.820905
319.914263,1001,9495.536236
288.534129,1001,9501.430035
302.685045,1001,9509.211335
297.256161,1001,9514.994187
265.097941,1001,9521.119572
221.168321,1001,9527.781218
279.387039,1001,9536.327129
326.846268,1001,9542.938948
286.263735,1001,9549.53948
299.71637,1001,9556.111173
314.73486,1001,9564.735732
227.842824,1001,9571.466193
271.173939,1001,9577.682042
309.466841,1001,9583.886173
237.075717,1001,9592.19725
268.978943,1001,9598.337035
224.981303,1001,9604.570834
271.262211,1001,9610.754876
300.647205,1001,9618.884117
304.842425,1001,9624.988797
312.468662,1001,9631.440787
269.461059,1001,9637.855926
285.591875,1001,9646.253233
275.523287,1001,9652.484659
219.116244,783,9657.737342
208.834408,715,9662.365687
271.666995,1001,9668.680886
287.837752,928,9676.531223
301.771866,1001,9682.774826
269.392984,1001,9689.197486
311.554717,1001,9695.557091
225.359381,1001,9703.943626
323.870906,1001,9710.000411
315.808011,1001,9716.218809
316.493586,1001,9722.564906
310.232817,1001,9730.73901
273.667229,1001,9736.404162
264.668607,1001,9741.922221
238.984075,1001,9747.350379
300.62882,1001,9754.867595
282.409292,1001,9760.376082
301.427718,1001,9765.832166
312.63577,1001,9771.411028
263.709708,1001,9778.743381
312.065359,1001,9784.236393
323.961856,1001,9789.801286
247.467523,1001,9795.524664
284.542941,1001,9803.154901
324.182312,1001,9809.20268
257.702955,1001,9815.418607
284.452443,1001,9821.381063
242.871978,1001,9827.321033
301.653947,1001,9835.208988
309.096908,1001,9841.136613
319.571921,1001,9846.935496
281.122456,1001,9852.811111
314.86062,1001,9860.535646
268.977009,1001,9866.562824
4.466503,78,9867.294824
4.907154,71,9868.009987
277.641959,1001,9873.865363
320.299855,1001,9879.744024
316.187849,1001,9887.650083
252.386583,1001,9893.529543
2.383571,49,9894.12272
237.29815,1001,9900.002658
296.439367,1001,9905.958818
330.367663,1001,9913.982836
322.123596,1001,9920.064929
241.3505,1001,9926.050595
306.726372,1001,9931.979249
289.045557,1001,9939.849571
303.10333,1001,9945.776945
296.565915,1001,9951.686599
293.406045,1001,9957.536797
323.334608,1001,9965.43021
99.917753,374,9967.890935
274.380689,1001,9973.622866
261.768638,1001,9979.390024
268.74787,1001,9987.22886
307.953562,1001,9993.129649
324.56462,1001,9998.921301
287.027146,1001,10004.69285
257.736488,1001,10010.549666
304.868982,1001,10018.167144
320.325553,1001,10023.809747
315.99921,1001,10029.809672
305.016496,1001,10035.907371
236.135167,851,10043.008471
219.376225,1001,10048.950936
268.116517,1001,10055.027231
303.707561,1001,10060.923677
315.366771,1001,10068.862415
168.565418,592,10072.460662
282.595483,1001,10078.663334
214.546759,1001,10084.784313
307.265958,1001,10092.876771
267.753872,1001,10098.794116
312.424904,1001,10104.575042
301.620427,1001,10110.351779
279.515748,1001,10116.216614
327.572098,1001,10123.996044
65.246801,257,10125.73922
283.472335,1001,10131.488299
276.218882,1001,10137.521522
6.482203,121,10138.544489
328.382768,1001,10146.883788
327.832645,1001,10152.991794
326.008394,1001,10159.641792
266.314393,1001,10166.429265
275.704912,1001,10175.516247
325.781074,1001,10182.208893
306.887499,1001,10188.676104
304.333955,1001,10194.975615
317.551735,1001,10203.975367
275.512084,1001,10210.650045
237.976995,1001,10217.19332
313.167728,1001,10223.624261
324.110281,1001,10231.805454
230.827699,1001,10237.801394
288.943524,1001,10243.923501
301.79088,1001,10250.187554
243.2024,1001,10256.319527
227.467859,1001,10264.390763
319.986539,1001,10270.75153
306.617561,1001,10277.154845
304.863681,1001,10283.90953
258.773861,1001,10292.440268
220.274555,1001,10298.611127
310.928858,1001,10304.754455
272.985409,1001,10310.881145
275.11284,1001,10318.778423
280.757647,1001,10324.764237
323.883086,1001,10330.831308
246.745388,1001,10336.72848
281.18269,1001,10344.389026
241.605121,1001,10350.215341
318.466811,1001,10355.982022
283.647404,1001,10361.805204
297.807295,1001,10369.715239
280.045976,1001,10375.424405
283.276683,1001,10381.03537
319.590353,1001,10386.805974
305.625699,1001,10394.84145
330.914574,1001,10400.850232
314.758273,1001,10406.743697
266.112573,1001,10412.771187
314.81989,1001,10420.757559
335.307955,1001,10426.671339
274.119177,1001,10432.70428
342.632277,1001,10438.680178
279.048135,1001,10446.731103
322.746233,1001,10452.595338
318.675857,1001,10458.655896
309.80526,1001,10464.615366
286.934038,1001,10472.936898
293.754878,1001,10479.175529
314.760317,1001,10485.099986
293.41848,1001,10490.982176
340.730085,1001,10499.132606
308.789193,1001,10505.260965
315.972931,1001,10511.351617
315.769303,1001,10517.458175
338.990349,1001,10523.803553
252.338448,1001,10531.634554
291.874487,1001,10537.404704
324.852873,1001,10543.127971
280.612423,1001,10549.169923
326.869905,1001,10557.175341
275.139143,1001,10563.154259
238.557633,1001,10568.876098
320.417162,1001,10574.669796
326.218694,1001,10582.255787
335.853585,1001,10588.073011
274.924053,859,10592.884486
319.637703,1001,10598.508499
285.155284,1001,10605.902657
284.544193,1001,10611.56935
262.647844,1001,10617.077835
300.436288,1001,10622.51717
323.34742,1001,10629.964772
319.686955,1001,10635.696582
332.97293,1001,10641.599309
314.966615,1001,10647.427952
316.81868,1001,10655.456247
327.645881,1001,10661.344291
172.249586,548,10664.691349
315.508514,1001,10670.735586
319.140365,1001,10676.681353
320.224507,1001,10684.343294
255.830365,1001,10690.652889
323.039892,1001,10697.119486
341.811946,1001,10703.262096
276.083979,1001,10711.171171
342.840801,1001,10717.054082
325.553611,1001,10722.986375
319.305679,1001,10728.750053
300.721815,1001,10736.285629
312.048988,1001,10742.124117
326.528819,1001,10747.899325
299.630608,1001,10754.006835
345.912594,1001,10761.873295
279.724449,1001,10767.937401
311.075249,1001,10773.889476
312.942852,1001,10779.638414
315.188222,1001,10787.236123
309.196825,1001,10792.892534
328.696218,1001,10798.65849
337.752129,1001,10804.395295
329.971933,1001,10812.108681
250.566612,1001,10817.880455
286.212994,1001,10823.59127
327.314749,1001,10829.385536
310.20371,1001,10837.058824
324.197937,1001,10843.00008
272.232463,1001,10848.643694
318.293185,1001,10854.310112
286.516762,1001,10861.91222
309.845082,1001,10867.667516
328.598177,1001,10873.692073
340.468004,1001,10879.663885
327.532109,1001,10887.38896
300.580326,1001,10893.244257
327.184818,1001,10898.825733
335.211548,1001,10904.558772
330.489326,1001,10912.089341
311.469917,1001,10917.524733
303.221261,1001,10922.903486
326.106435,1001,10928.343683
8.063207,83,10929.112195
281.594716,1001,10936.442206
323.127348,1001,10941.938723
347.781806,1001,10947.343339
305.625819,1001,10952.76602
289.437879,1001,10958.26655
341.719314,1001,10965.905524
323.81887,1001,10971.574942
324.082155,1001,10977.536782
324.74764,1001,10983.291174
334.161309,1001,10990.859622
319.352759,1001,10996.575207
324.137561,1001,11002.495938
333.669557,1001,11008.095565
311.707743,1001,11015.390046
335.338187,1001,11020.735183
244.738914,781,11025.057886
7.66557,87,11025.850144
316.98396,1001,11031.329362
340.818387,1001,11038.845197
310.971895,1001,11044.598924
325.467806,1001,11050.59067
72.292468,281,11052.451785
330.888573,1001,11058.031919
314.91517,1001,11065.343719
297.840966,1001,11070.92082
360.654701,1001,11076.460918
330.671767,1001,11082.054276
333.957381,1001,11089.472581
332.539496,1001,11094.939136
337.490472,1001,11100.48334
282.158825,1001,11105.986376
273.249975,1001,11113.64856
304.639872,1001,11119.618921
328.071483,1001,11125.642773
337.648936,1001,11131.608726
303.645855,1001,11139.187761
338.275337,1001,11145.0122
326.64857,1001,11150.670099
337.290073,1001,11156.611262
323.047382,1001,11164.65117
334.938006,1001,11170.657219
277.835868,1001,11176.57261
298.647567,1001,11182.559772
324.451736,1001,11190.568908
212.573068,719,11195.186301
325.973169,1001,11201.512151
275.878555,1001,11208.028389
272.94044,1001,11214.312454
330.708478,1001,11222.480496
337.949305,1001,11228.425797
315.121643,1001,11234.559737
333.146547,1001,11240.756662
315.037485,1001,11248.899418
306.08536,1001,11255.20443
320.439166,1001,11261.252699
295.257173,1001,11267.380487
337.956916,1001,11275.602818
331.047672,1001,11281.678375
281.048753,1001,11287.989022
263.047072,1001,11294.042764
323.295877,1001,11302.146426
291.210812,1001,11308.180129
213.944983,797,11313.082572
298.009408,1001,11319.3685
293.603454,1001,11327.615062
313.8261,1001,11334.295887
341.443522,1001,11340.558401
322.330682,1001,11346.838455
293.965625,1001,11355.330659
295.996725,1001,11361.44726
286.596594,1001,11367.680214
338.092849,1001,11374.170297
245.694644,1001,11382.678516
334.518777,1001,11388.734139
313.452843,1001,11394.842018
332.468304,1001,11401.33159
345.056352,1001,11409.411729
267.707667,1001,11415.452884
239.698518,1001,11421.344588
350.859995,1001,11427.307239
309.151204,1001,11433.318845
319.848411,1001,11441.245622
293.70609,1001,11447.135109
317.283525,1001,11453.016272
47.271046,232,11454.619062
286.682068,1001,11462.666705
273.822264,1001,11468.487056
315.324562,1001,11474.775481
278.018417,1001,11480.96058
251.344849,1001,11486.907876
276.436164,1001,11494.91124
273.105531,1001,11500.845279
289.290048,1001,11506.8456
247.094665,895,11512.2448
284.254682,1001,11520.301191
317.377625,1001,11526.260524
244.117094,1001,11532.078153
343.45096,1001,11537.867655
309.729991,1001,11545.792378
240.779871,1001,11551.484846
245.901629,1001,11557.280075
279.120068,1001,11563.079933
317.644164,1001,11571.041826
284.825627,1001,11576.894211
247.644592,1001,11582.84349
324.852448,1001,11588.851584
338.55039,1001,11597.123391
276.624837,1001,11603.085808
249.421662,1001,11609.228883
309.804588,1001,11615.273937
264.645741,1001,11623.049829
290.243681,1001,11629.126555
311.981817,1001,11635.056736
266.628844,1001,11641.022334
287.546819,1001,11648.970047
274.191712,1001,11654.822508
302.633206,1001,11661.258046
266.853852,1001,11667.426552
217.266951,1001,11675.580258
282.997262,1001,11681.507701
287.786482,1001,11687.268611
181.230149,644,11691.276594
308.294589,1001,11697.317538
283.182877,1001,11705.194909
249.650999,1001,11711.171248
286.346796,1001,11717.231815
313.632058,1001,11723.266149
286.898917,1001,11731.098269
305.178122,1001,11737.121495
282.613659,1001,11743.079693
271.431571,1001,11748.921702
140.998334,460,11753.750931
257.261468,1001,11759.726781
280.234953,1001,11765.661063
281.667237,1001,11771.405816
327.253473,1001,11777.3564
288.191554,1001,11785.146742
282.67513,1001,11790.886405
203.922033,718,11795.211712
273.548864,1001,11801.048829
342.490118,1001,11808.816336
253.038061,1001,11814.65628
278.675827,1001,11820.5164
310.860897,1001,11826.38766
255.162548,1001,11834.345278
259.389817,1001,11840.363363
226.039168,1001,11846.461095
264.760276,1001,11852.359655
156.622998,1001,11860.319283
275.91816,1001,11866.362954
322.791088,1001,11872.265306
311.416479,1001,11878.127617
287.294877,1001,11885.934025
265.782836,1001,11891.795742
316.535635,1001,11897.757651
314.45092,1001,11903.969146
203.001674,772,11908.857382
320.11387,1001,11917.056183
312.942661,1001,11922.920941
297.965429,1001,11928.745475
238.678072,1001,11934.56066
316.217189,1001,11942.376247
246.641576,1001,11948.412761
257.963162,1001,11954.490145
304.066715,1001,11960.52441
315.242431,1001,11968.797534
268.56538,1001,11974.996567
305.356988,1001,11981.071187
249.231657,1001,11986.887359
241.251499,1001,11994.66361
277.790558,1001,12000.648121
91.912175,320,12002.771426
205.207641,705,12007.026358
293.835669,1001,12012.844469
300.840273,1001,12020.647781
305.585502,1001,12026.716229
267.831039,1001,12032.629093
296.848723,1001,12038.380536
268.578768,1001,12046.132345
214.260926,706,12050.330447
281.242564,1001,12056.126377
307.61746,1001,12061.725368
268.88125,1001,12069.591972
254.649561,1001,12075.635348
287.630679,1001,12081.819966
267.053988,1001,12087.787853
297.432392,1001,12095.641201
275.349227,1001,12102.007108
319.465949,1001,12107.854215
338.18705,1001,12114.233028
146.354551,459,12117.151771
280.57257,1001,12125.047073
331.883991,1001,12130.845963
313.19286,1001,12136.716638
305.232096,1001,12142.456762
293.666856,1001,12150.27802
339.164647,1001,12156.036921
297.174374,1001,12161.920002
254.322314,1001,12167.904406
283.065086,1001,12175.70129
126.188023,417,12178.286248
329.50962,1001,12184.152961
337.768088,1001,12190.267556
324.604413,1001,12196.237982
120.41756,419,12200.959082
296.389195,1001,12207.101107
334.434797,1001,12213.212615
339.575488,1001,12219.218841
340.030081,1001,12225.074489
333.875001,1001,12232.953969
279.251286,966,12238.797436
299.121681,1001,12244.70442
339.140305,1001,12250.633114
155.916939,546,12255.908685
343.591348,1001,12261.628171
284.471298,1001,12267.498151
327.444093,1001,12273.414325
301.378533,1001,12281.266081
313.133992,1001,12287.093822
358.062314,1001,12292.986915
295.891327,1001,12298.685802
309.631116,1001,12306.510614
279.832213,1001,12312.629722
365.663898,1001,12318.732408
319.718359,1001,12324.783892
362.386082,1001,12332.700315
355.951018,1001,12338.639173
354.397698,1001,12344.401716
318.287729,1001,12350.347558
105.079807,352,12352.773005
348.569906,1001,12360.647888
373.043755,1001,12366.652962
353.267819,1001,12372.455861
340.984911,1001,12378.298785
316.651531,1001,12386.109949
286.328897,1001,12391.933307
326.324456,1001,12397.744662
335.541249,1001,12403.570073
281.727927,1001,12411.460306
331.92072,1001,12417.409489
335.169654,1001,12423.228727
304.307457,1001,12429.01114
52.38896,207,12430.466652
339.805345,1001,12438.405625
327.455812,1001,12444.405925
339.175414,1001,12450.294637
281.990088,1001,12456.302004
361.071921,1001,12464.120176
324.860639,1001,12470.084562
370.998063,1001,12476.079061
348.166219,1001,12482.000171
325.406969,1001,12489.897399
305.230249,1001,12495.678011
340.079973,1001,12501.565838
380.860421,1001,12507.256608
251.552772,1001,12513.000565
323.838293,1001,12520.709273
332.416538,1001,12526.543302
367.534635,1001,12532.24423
323.165604,1001,12537.847915
339.481204,1001,12545.690786
313.682774,1001,12551.744749
355.093787,1001,12557.889502
345.142277,1001,12563.906768
355.005472,1001,12571.843903
303.824785,1001,12577.755977
299.505521,1001,12583.60539
343.681821,1001,12589.659931
320.635319,1001,12597.627614
336.451594,1001,12603.579623
347.932451,1001,12609.550938
341.434669,1001,12615.461285
333.289175,1001,12623.268374
360.359793,1001,12629.15838
336.005505,1001,12635.090637
330.918235,1001,12640.815385
326.280951,1001,12648.610976
363.818519,1001,12654.45926
344.885116,1001,12660.327617
333.435555,1001,12666.117393
348.203828,1001,12673.99981
321.154914,1001,12680.155989
350.231897,1001,12686.195997
367.331866,1001,12692.353576
369.29274,1001,12700.404694
306.141167,1001,12706.377736
336.152663,1001,12712.383051
359.251324,1001,12718.374138
323.133685,1001,12726.262089
336.122074,1001,12732.129112
359.295451,1001,12737.992283
359.147562,1001,12743.776572
353.523698,1001,12751.728552
378.828879,1001,12757.617576
351.473633,1001,12763.556781
346.880431,1001,12769.279462
363.16291,1001,12777.068313
291.161404,1001,12783.006224
348.792917,1001,12788.936581
366.249877,1001,12795.094283
340.057766,1001,12801.196438
348.164197,1001,12809.130296
353.672977,1001,12815.451861
365.676861,1001,12821.410139
334.928962,1001,12827.359937
358.592229,1001,12835.11522
356.073034,1001,12840.960786
365.044182,1001,12846.998698
349.972662,1001,12852.881455
355.240611,1001,12860.671551
359.243543,1001,12866.531405
334.409466,1001,12872.393502
337.569753,1001,12878.430627
354.037395,1001,12886.542987
328.300496,1001,12893.001914
311.458447,1001,12899.112497
309.866126,1001,12905.080504
347.844194,1001,12913.164829
364.858751,1001,12919.382388
369.381866,1001,12925.536708
337.439459,1001,12931.586605
335.709509,1001,12939.541847
364.090306,1001,12945.490916
342.8692,1001,12951.524746
351.348774,1001,12957.596073
374.801476,1001,12965.571104
355.997392,1001,12971.571127
285.661251,1001,12977.460349
339.715302,1001,12983.343907
135.980854,415,12986.047932
357.352539,1001,12993.665048
361.074297,1001,12999.551993
308.813569,1001,13005.4786
373.431343,1001,13011.338898
358.519913,1001,13019.134497
358.334703,1001,13025.076114
316.02559,1001,13031.167875
168.381435,522,13034.485348
318.081605,1001,13042.502237
374.177154,1001,13048.451021
359.761737,1001,13054.532403
378.550107,1001,13060.551825
308.954841,1001,13066.543028
372.127172,1001,13074.429478
334.978475,1001,13080.429316
358.430443,1001,13086.463193
347.657307,1001,13092.356686
299.291208,1001,13100.036612
353.44418,1001,13106.080972
309.137643,1001,13111.785505
311.332383,1001,13117.440774
351.989316,1001,13124.821233
292.180839,844,13129.656608
339.073568,1001,13135.269211
354.590411,1001,13140.838813
375.022773,1001,13148.248554
368.914896,1001,13153.982889
356.792101,1001,13159.647067
345.560025,1001,13165.342594
368.295284,1001,13172.994642
341.124666,1001,13178.873916
349.119518,1001,13184.691403
340.019403,1001,13190.453058
345.196247,1001,13198.031679
293.178672,1001,13203.731042
329.414126,1001,13209.404091
361.256484,1001,13215.12256
351.584154,1001,13222.769081
362.305521,1001,13228.171899
359.273338,1001,13233.521849
361.863331,1001,13239.012685
334.744143,1001,13246.335865
355.238885,1001,13251.869044
370.873619,1001,13257.389307
207.875479,610,13260.868012
361.116669,1001,13266.295237
363.2665,1001,13273.783073
367.64713,1001,13279.307049
363.689925,1001,13284.945356
359.907371,1001,13290.538326
363.411545,1001,13297.963342
371.508242,1001,13303.517724
351.216235,1001,13309.029246
386.386914,1001,13314.58033
357.953407,1001,13321.887865
366.605732,1001,13327.342917
335.242998,1001,13333.289555
377.348068,1001,13338.950777
366.950525,1001,13346.145975
341.959564,1001,13351.551448
326.401844,1001,13357.014565
322.342153,1001,13362.475715
370.494725,1001,13369.732707
367.506182,1001,13375.158553
321.946623,1001,13380.605391
366.329483,1001,13386.022184
377.443948,1001,13393.598282
361.318564,1001,13399.27189
380.358268,1001,13404.894665
366.362766,1001,13410.462836
365.172512,1001,13417.676439
365.395154,1001,13423.041543
361.673392,1001,13429.414994
368.04337,1001,13435.870755
382.77816,1001,13444.822016
369.081738,1001,13452.536278
369.793355,1001,13459.691658
361.581141,1001,13466.783059
326.73493,1001,13473.607157
357.739023,1001,13482.462502
354.016684,1001,13489.308064
342.774051,1001,13496.537744
42.969342,206,13498.315231
335.082054,1001,13507.330846
371.176096,1001,13514.972642
368.628612,1001,13522.536688
329.837341,891,13529.229542
348.225542,1001,13536.337158
353.335317,1001,13545.64928
133.66365,415,13548.78264
335.223923,1001,13555.823239
359.177421,1001,13563.022138
385.859168,1001,13572.134332
370.385237,1001,13579.415448
357.947191,1001,13586.681051
358.735028,1001,13593.839514
378.046616,1001,13602.223744
370.287986,1001,13608.765265
353.673145,1001,13615.117179
353.592162,1001,13621.681283
364.211867,1001,13630.219885
380.979931,1001,13636.439645
375.581118,1001,13642.70117
367.345485,1001,13648.773732
381.37114,1001,13655.02171
321.534937,1001,13663.375266
352.086818,1001,13669.917346
388.450236,1001,13675.9324
336.034644,1001,13681.977546
374.412038,1001,13689.852188
378.051353,1001,13695.79761
382.629868,1001,13701.647733
346.443864,1001,13707.559448
389.723661,1001,13715.368085
358.214451,1001,13721.116394
352.044393,1001,13726.935421
360.527371,1001,13732.789563
358.670245,1001,13740.550894
321.463458,913,13745.941787
396.316702,1001,13752.059332
358.91054,1001,13758.147611
372.576943,1001,13766.151379
378.231114,1001,13772.300423
350.745409,1001,13778.425868
364.452329,1001,13784.407771
360.133872,1001,13792.476832
392.567471,1001,13798.4924
365.143517,1001,13804.714227
357.185801,1001,13810.737622
371.046844,1001,13818.726465
374.884132,1001,13824.699231
386.334483,1001,13830.601058
369.419908,1001,13836.400433
366.861475,1001,13844.359046
382.080255,1001,13850.232364
332.896153,1001,13856.125269
379.073075,1001,13862.023362
359.084141,1001,13870.060716
337.430499,1001,13876.237252
314.858683,1001,13882.236608
370.354094,1001,13888.442986
381.837461,1001,13896.61233
343.978522,1001,13902.61633
383.944583,1001,13908.700399
391.804432,1001,13914.64322
286.877088,822,13919.676792
371.470298,1001,13927.44184
349.425735,1001,13933.309897
365.820566,1001,13939.145891
376.799587,1001,13945.062021
373.08129,1001,13953.359633
365.354099,1001,13960.145152
351.630141,1001,13966.386161
353.006979,1001,13972.391121
336.321606,1001,13980.645863
277.040718,784,13985.32221
379.401638,1001,13991.771165
374.13496,1001,13998.09517
97.999417,312,14000.24404
373.853725,1001,14008.453532
350.605842,1001,14014.356773
372.806703,1001,14020.197914
337.161447,1001,14026.180006
356.761588,1001,14034.311299
365.366105,1001,14040.340296
352.839101,1001,14046.464532
339.651426,1001,14052.438236
351.153857,1001,14060.434794
375.898568,1001,14066.270133
375.575463,1001,14072.355564
332.574224,1001,14078.168382
382.382855,1001,14086.101164
354.422906,1001,14091.91467
368.574813,1001,14098.012478
357.337814,1001,14103.898579
358.1831,1001,14111.857446
370.024262,1001,14118.044831
338.06075,1001,14124.445915
367.589603,1001,14130.988766
351.303807,1001,14139.462956
361.707737,1001,14145.587767
314.194101,1001,14151.590985
373.736012,1001,14158.79383
320.776508,1001,14164.807209
367.001267,1001,14172.402976
346.015315,1001,14177.997775
354.636139,1001,14183.674076
359.00462,1001,14190.430331
336.049639,1001,14198.237797
368.384801,1001,14204.670573
339.740013,1001,14211.010591
360.469307,1001,14217.527373
358.038602,1001,14225.964998
335.365082,1001,14232.517941
366.309282,1001,14238.941082
340.268219,1001,14245.405242
333.036686,1001,14253.767903
357.897868,1001,14260.268683
370.04752,1001,14266.643008
349.704814,1001,14272.98087
351.940603,1001,14280.716748
359.454874,1001,14286.4956
369.491242,1001,14292.845301
368.244997,1001,14299.024746
369.275454,1001,14307.431277
312.944793,1001,14313.567351
354.427642,1001,14319.942746
358.768979,1001,14326.891921
338.111709,1001,14335.466809
318.461067,1001,14341.684636
332.087284,1001,14347.928781
349.159898,1001,14354.273246
349.751973,1001,14362.706624
302.191417,1001,14369.000561
346.804303,1001,14375.448763
337.535023,1001,14381.643918
225.96597,655,14385.737359
226.822151,667,14391.950535
349.293686,1001,14398.036661
360.760281,1001,14404.145098
364.909961,1001,14410.224191
327.355351,1001,14418.255432
326.886722,1001,14424.304264
381.021068,1001,14430.306937
363.331345,1001,14436.216398
385.185864,1001,14444.362071
179.001908,511,14447.639127
367.022326,1001,14453.613741
385.415578,1001,14459.600647
340.194756,1001,14465.491103
383.387725,1001,14473.671464
360.263695,1001,14479.948571
349.428171,1001,14486.225308
389.134803,1001,14492.368368
358.330412,1001,14500.238097
376.67356,1001,14506.399711
364.377048,1001,14512.553264
365.195525,1001,14518.692568
330.293672,1001,14526.971806
351.527863,1001,14533.06954
358.37487,1001,14539.199121
231.532966,666,14543.461735
383.167671,1001,14551.607399
350.864102,1001,14557.871743
313.58438,1001,14564.084019
335.920361,1001,14570.10039
326.178422,1001,14578.079111
361.219455,1001,14584.090632
377.881735,1001,14590.411395
306.588824,1001,14596.856151
385.499056,1001,14605.126136
372.910252,1001,14611.64454
344.725571,1001,14617.950918
332.482086,1001,14624.239918
378.371423,1001,14630.544029
342.497721,1001,14638.989786
338.053103,1001,14645.263178
366.46937,1001,14651.456768
308.411363,1001,14657.381367
322.231869,1001,14665.503372
361.658875,1001,14671.572321
306.585291,1001,14677.763979
358.5919,1001,14683.913802
305.127587,1001,14692.057836
341.045455,1001,14698.133312
320.736,1001,14704.221478
345.314885,1001,14710.441034
317.756419,1001,14718.680497
347.553677,1001,14724.941847
363.472999,1001,14731.391752
363.162866,1001,14737.720613
363.557414,1001,14746.027408
338.493307,1001,14752.346553
319.393303,1001,14758.454398
325.517812,1001,14764.794451
337.708291,1001,14773.071959
352.381858,1001,14779.336813
322.770818,1001,14785.888011
333.682267,1001,14792.123204
333.51019,1001,14800.280754
344.165897,1001,14806.374321
308.585766,1001,14812.44521
376.011604,1001,14818.827178
284.140667,1001,14827.095937
353.04975,1001,14833.726207
303.985026,1001,14840.213224
343.891443,1001,14846.578158
333.319571,1001,14855.098155
316.670646,1001,14861.332817
345.489832,1001,14867.676907
350.676384,1001,14873.931769
324.386959,1001,14882.141424
349.022136,1001,14888.417274
82.640273,256,14890.226821
353.493307,1001,14896.348169
367.730708,1001,14902.538137
372.634029,1001,14910.962821
321.035236,1001,14917.208389
338.954114,1001,14923.31273
338.704528,1001,14929.448695
345.019838,1001,14937.676153
345.609595,1001,14943.810441
279.870997,1001,14950.017461
409.342927,1001,14956.572081
351.061918,1001,14964.678299
355.426422,1001,14970.782064
330.126141,1001,14976.916881
366.72363,1001,14982.978734
332.645097,1001,14989.506028
343.343681,1001,14997.817075
350.244738,1001,15004.497581
351.881266,1001,15010.958057
390.968738,1001,15017.164448
269.326434,1001,15025.448774
342.267712,1001,15031.679093
330.229827,1001,15037.992162
343.721486,1001,15044.044417
364.439012,1001,15052.676857
305.894802,1001,15058.732146
290.726126,1001,15064.805288
314.837365,1001,15071.088831
333.936025,1001,15079.609909
321.231839,1001,15085.944979
325.879049,1001,15092.130015
326.674559,1001,15098.194843
365.193801,1001,15106.093263
385.407172,1001,15112.073408
320.926313,1001,15118.039769
336.567449,1001,15124.065067
334.60825,1001,15131.77649
314.146777,1001,15137.579042
313.359137,1001,15143.384791
283.404719,1001,15149.459564
378.440278,1001,15157.497228
327.489136,1001,15163.400537
333.754963,1001,15169.500518
303.963288,1001,15175.904952
342.676593,1001,15184.284986
356.092707,1001,15190.67814
183.067008,542,15194.126358
353.082794,1001,15200.230201
360.763573,1001,15206.36904
376.198219,1001,15214.636911
375.719818,1001,15220.664627
326.596786,1001,15226.608407
322.939102,1001,15232.587784
365.509216,1001,15240.477745
350.309618,1001,15246.430823
345.833689,1001,15252.263692
310.560415,1001,15257.959738
400.741953,1001,15265.651811
308.62395,1001,15271.382774
353.886842,1001,15277.263112
367.29206,1001,15283.002082
340.102581,1001,15290.621747
358.877532,1001,15296.395571
343.492814,974,15302.033933
315.104802,1001,15307.897462
381.662595,1001,15315.783584
370.843623,1001,15321.867037
389.281031,1001,15327.931294
393.79119,1001,15333.951019
388.2917,1001,15342.099249
339.536542,1001,15348.352169
364.437106,1001,15354.661451
337.410796,1001,15360.665326
339.978118,1001,15368.455466
365.623596,1001,15374.476553
350.735178,1001,15380.585176
342.818439,1001,15386.595796
330.600782,1001,15394.518597
361.338323,1001,15400.508577
382.826571,1001,15406.428006
372.859696,1001,15412.259453
367.705132,1001,15420.091096
392.942324,1001,15425.899544
334.831919,1001,15431.985315
393.105821,1001,15437.975523
388.950711,1001,15443.99021
378.892173,1001,15451.975469
338.261954,1001,15458.026454
325.751061,859,15463.255552
339.886161,1001,15469.185077
330.839457,1001,15477.025258
373.713484,1001,15483.011902
384.723846,1001,15488.85731
381.510639,1001,15494.721544
355.292249,1001,15502.582217
355.216771,1001,15508.570421
392.665246,1001,15514.445201
391.60422,1001,15520.295308
372.184745,1001,15528.205169
325.8409,1001,15533.918645
337.489653,1001,15539.925414
346.537216,1001,15545.846061
384.921172,1001,15553.9005
390.353076,1001,15560.016717
383.105997,1001,15566.118618
345.129487,1001,15572.195352
357.430337,1001,15581.323131
323.587767,1001,15587.683275
362.974189,1001,15593.823316
334.032981,1001,15600.527221
374.572346,1001,15609.221287
366.973905,1001,15616.227452
387.892963,1001,15623.081188
394.387708,1001,15630.023437
376.627348,1001,15638.805198
378.470861,1001,15646.014153
319.862408,1001,15652.794142
405.305564,1001,15659.908103
350.09209,1001,15669.183942
358.03807,1001,15676.179223
373.888488,1001,15682.947984
377.348044,1001,15689.982611
351.200213,1001,15696.84759
320.634632,1001,15705.426157
368.338427,1001,15712.155574
376.620032,1001,15718.950708
346.015249,1001,15725.484692
387.263888,1001,15733.108715
348.516281,1001,15738.974066
365.517471,1001,15744.763374
356.028492,963,15750.350356
